{
  "model_name": "medsam3",
  "dataset": "BraTS2023_PED",
  "timestamp": "2026-01-14T21:43:55.168701",
  "n_cases": 20,
  "contrasts": [
    "t1n",
    "t1c",
    "t2w",
    "t2f"
  ],
  "text_prompts": [
    "Brain Tumor",
    "Pediatric Brain Tumor",
    "Glioma",
    "Enhancing Tumor",
    "Tumor"
  ],
  "by_contrast": {
    "combined": {
      "t1n": {
        "text_prompts": {
          "Brain Tumor": {
            "dice": 0.42939469715223044,
            "iou": 0.3572430547213712,
            "n": 11
          },
          "Pediatric Brain Tumor": {
            "dice": 0.5179700864561219,
            "iou": 0.4416311883602446,
            "n": 11
          },
          "Glioma": {
            "dice": 0.4365422221113866,
            "iou": 0.3682610927686781,
            "n": 11
          },
          "Enhancing Tumor": {
            "dice": 0.5381802054165177,
            "iou": 0.45534442183938567,
            "n": 11
          },
          "Tumor": {
            "dice": 0.6028065134833707,
            "iou": 0.5106115078442983,
            "n": 11
          }
        }
      },
      "t1c": {
        "text_prompts": {
          "Brain Tumor": {
            "dice": 0.4431638418011184,
            "iou": 0.39050593344536644,
            "n": 11
          },
          "Pediatric Brain Tumor": {
            "dice": 0.6282986186615406,
            "iou": 0.5388172976393777,
            "n": 11
          },
          "Glioma": {
            "dice": 0.4019755079116479,
            "iou": 0.33718874164253476,
            "n": 11
          },
          "Enhancing Tumor": {
            "dice": 0.5016130094051573,
            "iou": 0.4309955812575726,
            "n": 11
          },
          "Tumor": {
            "dice": 0.6117205659565775,
            "iou": 0.524520377739044,
            "n": 11
          }
        }
      },
      "t2w": {
        "text_prompts": {
          "Brain Tumor": {
            "dice": 0.4467997983712296,
            "iou": 0.38942079134621116,
            "n": 11
          },
          "Pediatric Brain Tumor": {
            "dice": 0.6429394966739633,
            "iou": 0.5768922083198469,
            "n": 11
          },
          "Glioma": {
            "dice": 0.6750098347323733,
            "iou": 0.5961557675688263,
            "n": 11
          },
          "Enhancing Tumor": {
            "dice": 0.6161095820746744,
            "iou": 0.5455657528728309,
            "n": 11
          },
          "Tumor": {
            "dice": 0.6359186630973063,
            "iou": 0.561496733288925,
            "n": 11
          }
        }
      },
      "t2f": {
        "text_prompts": {
          "Brain Tumor": {
            "dice": 0.533541309970054,
            "iou": 0.4753389099436904,
            "n": 11
          },
          "Pediatric Brain Tumor": {
            "dice": 0.6752369288564877,
            "iou": 0.5920932216426942,
            "n": 11
          },
          "Glioma": {
            "dice": 0.6550189754018123,
            "iou": 0.5984325784636515,
            "n": 11
          },
          "Enhancing Tumor": {
            "dice": 0.6789209408749612,
            "iou": 0.5889822176481878,
            "n": 11
          },
          "Tumor": {
            "dice": 0.7519171228148611,
            "iou": 0.6613730534789817,
            "n": 11
          }
        }
      }
    }
  },
  "by_label": {
    "NC": {
      "t1n": {
        "text_prompts": {
          "Brain Tumor": {
            "dice": 0.4661427763124573,
            "iou": 0.3729597784465898,
            "n": 10
          },
          "Pediatric Brain Tumor": {
            "dice": 0.563807026776133,
            "iou": 0.4654027783233107,
            "n": 10
          },
          "Glioma": {
            "dice": 0.47892458533224624,
            "iou": 0.39110201151812907,
            "n": 10
          },
          "Enhancing Tumor": {
            "dice": 0.5687218551595983,
            "iou": 0.47061354164615726,
            "n": 10
          },
          "Tumor": {
            "dice": 0.5776112845442481,
            "iou": 0.47413867818857014,
            "n": 10
          },
          "Non-Enhancing Tumor Core": {
            "dice": 0.5466956122677903,
            "iou": 0.4473659470581282,
            "n": 10
          },
          "Non-Enhancing Core": {
            "dice": 0.45855272315915396,
            "iou": 0.36526125039879914,
            "n": 10
          },
          "Tumor Core": {
            "dice": 0.5630091227752226,
            "iou": 0.4647038901009265,
            "n": 10
          }
        }
      },
      "t1c": {
        "text_prompts": {
          "Brain Tumor": {
            "dice": 0.46125483175072757,
            "iou": 0.3914571687934586,
            "n": 10
          },
          "Pediatric Brain Tumor": {
            "dice": 0.6076083956091788,
            "iou": 0.514360062285591,
            "n": 10
          },
          "Glioma": {
            "dice": 0.45372324657325436,
            "iou": 0.37968621679116915,
            "n": 10
          },
          "Enhancing Tumor": {
            "dice": 0.5304393121199353,
            "iou": 0.44796625946440294,
            "n": 10
          },
          "Tumor": {
            "dice": 0.6146074545021994,
            "iou": 0.5195998868816383,
            "n": 10
          },
          "Non-Enhancing Tumor Core": {
            "dice": 0.5083667769314435,
            "iou": 0.4197446443759622,
            "n": 10
          },
          "Non-Enhancing Core": {
            "dice": 0.2884084131500044,
            "iou": 0.230886471855663,
            "n": 10
          },
          "Tumor Core": {
            "dice": 0.618527415891251,
            "iou": 0.5267467224575579,
            "n": 10
          }
        }
      },
      "t2w": {
        "text_prompts": {
          "Brain Tumor": {
            "dice": 0.45422703738627723,
            "iou": 0.3769146835545724,
            "n": 10
          },
          "Pediatric Brain Tumor": {
            "dice": 0.633781914148561,
            "iou": 0.5421961935050433,
            "n": 10
          },
          "Glioma": {
            "dice": 0.5889692353829632,
            "iou": 0.5164965387796409,
            "n": 10
          },
          "Enhancing Tumor": {
            "dice": 0.6567493976092466,
            "iou": 0.5746693130473044,
            "n": 10
          },
          "Tumor": {
            "dice": 0.6794662066402212,
            "iou": 0.5975123517102578,
            "n": 10
          },
          "Non-Enhancing Tumor Core": {
            "dice": 0.49072297409597765,
            "iou": 0.41501296006220584,
            "n": 10
          },
          "Non-Enhancing Core": {
            "dice": 0.4832169877658111,
            "iou": 0.40362057455822536,
            "n": 10
          },
          "Tumor Core": {
            "dice": 0.6795375482676627,
            "iou": 0.6007545789299966,
            "n": 10
          }
        }
      },
      "t2f": {
        "text_prompts": {
          "Brain Tumor": {
            "dice": 0.4864115937057873,
            "iou": 0.39986580788754267,
            "n": 10
          },
          "Pediatric Brain Tumor": {
            "dice": 0.574497050168824,
            "iou": 0.47539976964398356,
            "n": 10
          },
          "Glioma": {
            "dice": 0.5265390896424746,
            "iou": 0.4559362807952926,
            "n": 10
          },
          "Enhancing Tumor": {
            "dice": 0.5824904657094334,
            "iou": 0.47952800221992786,
            "n": 10
          },
          "Tumor": {
            "dice": 0.5944492036112687,
            "iou": 0.5018313512550826,
            "n": 10
          },
          "Non-Enhancing Tumor Core": {
            "dice": 0.5629063533338187,
            "iou": 0.4603205501426243,
            "n": 10
          },
          "Non-Enhancing Core": {
            "dice": 0.5479228075974718,