{
  "model_name": "sam3",
  "dataset": "BraTS2023_PED",
  "timestamp": "2026-01-14T21:32:52.988583",
  "n_cases": 20,
  "contrasts": [
    "t1n",
    "t1c",
    "t2w",
    "t2f"
  ],
  "text_prompts": [
    "Brain Tumor",
    "Pediatric Brain Tumor",
    "Glioma",
    "Enhancing Tumor",
    "Tumor"
  ],
  "by_contrast": {
    "combined": {
      "t1n": {
        "text_prompts": {
          "Brain Tumor": {
            "dice": 0.0,
            "iou": 0.0,
            "n": 11
          },
          "Pediatric Brain Tumor": {
            "dice": 0.14160804759221687,
            "iou": 0.10156361221745656,
            "n": 11
          },
          "Glioma": {
            "dice": 0.022952489130860523,
            "iou": 0.013134301595840057,
            "n": 11
          },
          "Enhancing Tumor": {
            "dice": 0.29102539745084266,
            "iou": 0.21065226823810174,
            "n": 11
          },
          "Tumor": {
            "dice": 0.3121943730649528,
            "iou": 0.21661405684017848,
            "n": 11
          }
        }
      },
      "t1c": {
        "text_prompts": {
          "Brain Tumor": {
            "dice": 0.021919104312859733,
            "iou": 0.012461897077281693,
            "n": 11
          },
          "Pediatric Brain Tumor": {
            "dice": 0.0221268553880074,
            "iou": 0.012596377980993367,
            "n": 11
          },
          "Glioma": {
            "dice": 0.0,
            "iou": 0.0,
            "n": 11
          },
          "Enhancing Tumor": {
            "dice": 0.20266487154208557,
            "iou": 0.13944815158708235,
            "n": 11
          },
          "Tumor": {
            "dice": 0.2464681294908807,
            "iou": 0.16861338473345525,
            "n": 11
          }
        }
      },
      "t2w": {
        "text_prompts": {
          "Brain Tumor": {
            "dice": 0.0,
            "iou": 0.0,
            "n": 11
          },
          "Pediatric Brain Tumor": {
            "dice": 0.019668985368193812,
            "iou": 0.01102743410435718,
            "n": 11
          },
          "Glioma": {
            "dice": 0.0,
            "iou": 0.0,
            "n": 11
          },
          "Enhancing Tumor": {
            "dice": 0.35856668317025636,
            "iou": 0.23839339524723757,
            "n": 11
          },
          "Tumor": {
            "dice": 0.18690127802212234,
            "iou": 0.14124539414062764,
            "n": 11
          }
        }
      },
      "t2f": {
        "text_prompts": {
          "Brain Tumor": {
            "dice": 0.0,
            "iou": 0.0,
            "n": 11
          },
          "Pediatric Brain Tumor": {
            "dice": 0.04032651922137724,
            "iou": 0.02590998744844899,
            "n": 11
          },
          "Glioma": {
            "dice": 0.0,
            "iou": 0.0,
            "n": 11
          },
          "Enhancing Tumor": {
            "dice": 0.447576009843838,
            "iou": 0.33931009113423766,
            "n": 11
          },
          "Tumor": {
            "dice": 0.37830603597295015,
            "iou": 0.30709336022760775,
            "n": 11
          }
        }
      }
    }
  },
  "by_label": {
    "NC": {
      "t1n": {
        "text_prompts": {
          "Brain Tumor": {
            "dice": 0.0,
            "iou": 0.0,
            "n": 10
          },
          "Pediatric Brain Tumor": {
            "dice": 0.1295142341739189,
            "iou": 0.08630253045888367,
            "n": 10
          },
          "Glioma": {
            "dice": 0.022659667541557304,
            "iou": 0.012777503700049334,
            "n": 10
          },
          "Enhancing Tumor": {
            "dice": 0.29286836689131734,
            "iou": 0.19861133052664723,
            "n": 10
          },
          "Tumor": {
            "dice": 0.3781348980499086,
            "iou": 0.277389364186969,
            "n": 10
          },
          "Non-Enhancing Tumor Core": {
            "dice": 0.3523945741576077,
            "iou": 0.25640892150305905,
            "n": 10
          },
          "Non-Enhancing Core": {
            "dice": 0.3244025214427968,
            "iou": 0.24701061033277844,
            "n": 10
          },
          "Tumor Core": {
            "dice": 0.12871131804890384,
            "iou": 0.08553728532740963,
            "n": 10
          }
        }
      },
      "t1c": {
        "text_prompts": {
          "Brain Tumor": {
            "dice": 0.021488331131660064,
            "iou": 0.01203749383325111,
            "n": 10
          },
          "Pediatric Brain Tumor": {
            "dice": 0.02163588390501319,
            "iou": 0.012130177514792898,
            "n": 10
          },
          "Glioma": {
            "dice": 0.0,
            "iou": 0.0,
            "n": 10
          },
          "Enhancing Tumor": {
            "dice": 0.1304205089280931,
            "iou": 0.0802270837614856,
            "n": 10
          },
          "Tumor": {
            "dice": 0.33752791492180434,
            "iou": 0.2583590118057867,
            "n": 10
          },
          "Non-Enhancing Tumor Core": {
            "dice": 0.5064934463083757,
            "iou": 0.40218980295372014,
            "n": 10
          },
          "Non-Enhancing Core": {
            "dice": 0.28796609918975846,
            "iou": 0.23194173623794248,
            "n": 10
          },
          "Tumor Core": {
            "dice": 0.055335276967930024,
            "iou": 0.03825070536074164,
            "n": 10
          }
        }
      },
      "t2w": {
        "text_prompts": {
          "Brain Tumor": {
            "dice": 0.0,
            "iou": 0.0,
            "n": 10
          },
          "Pediatric Brain Tumor": {
            "dice": 0.019205002233139794,
            "iou": 0.010622529644268774,
            "n": 10
          },
          "Glioma": {
            "dice": 0.0,
            "iou": 0.0,
            "n": 10
          },
          "Enhancing Tumor": {
            "dice": 0.30236342573292074,
            "iou": 0.19448459317300565,
            "n": 10
          },
          "Tumor": {
            "dice": 0.25799955924731205,
            "iou": 0.21323448747313317,
            "n": 10
          },
          "Non-Enhancing Tumor Core": {
            "dice": 0.33085034241084105,
            "iou": 0.2625598951642231,
            "n": 10
          },
          "Non-Enhancing Core": {
            "dice": 0.30786857796827843,
            "iou": 0.24864128097615734,
            "n": 10
          },
          "Tumor Core": {
            "dice": 0.14970077408067056,
            "iou": 0.11781815412170613,
            "n": 10
          }
        }
      },
      "t2f": {
        "text_prompts": {
          "Brain Tumor": {
            "dice": 0.0,
            "iou": 0.0,
            "n": 10
          },
          "Pediatric Brain Tumor": {
            "dice": 0.042240373395565925,
            "iou": 0.026775147928994082,
            "n": 10
          },
          "Glioma": {
            "dice": 0.0,
            "iou": 0.0,
            "n": 10
          },
          "Enhancing Tumor": {
            "dice": 0.4476150977648463,
            "iou": 0.3436314591020563,
            "n": 10
          },
          "Tumor": {
            "dice": 0.3756359229814126,
            "iou": 0.2926515508061627,
            "n": 10
          },
          "Non-Enhancing Tumor Core": {
            "dice": 0.44127599111287746,
            "iou": 0.35148152313720127,
            "n": 10
          },
          "Non-Enhancing Core": {
            "dice": 0.31238607963237486,
            "iou": 0.24835666034548906,
            "n": 10
          },
          "Tumor Core": {
            "dice": 0.3057498665603094,
            "iou": 0.23567307793526254,
            "n": 10
          }
        }
      }
    },