Contrast,Box Dice (%),Box IoU (%),Brain Tumor (%),Brain Metastasis (%),Enhancing Tumor (%),Tumor (%),N Samples
T1N,60.09403565608916,49.500350230927396,7.817971820262097,13.11903695997158,22.49351575686842,18.15258242938525,32
T1C,55.17038968075645,42.73602199113057,11.15188876003626,18.14024720028799,29.231959766109796,23.816867194124956,32
T2W,59.24679113604658,48.13524112961535,7.158693777233075,17.29504553976465,32.77097791881065,25.81312644817919,32
T2F,67.64270929643071,57.00169892298601,18.1749250973753,31.138931264179377,37.988481365234136,33.392991981142636,32
