{
  "model_name": "sam3",
  "timestamp": "2026-01-14T14:33:52.230249",
  "n_cases": 48,
  "contrasts": [
    "t1n",
    "t1c",
    "t2w",
    "t2f"
  ],
  "text_prompts": [
    "Brain Tumor",
    "Brain Metastasis",
    "Enhancing Tumor",
    "Tumor"
  ],
  "by_contrast": {
    "combined": {
      "t1n": {
        "box_prompt": {
          "dice": 0.5982489069712467,
          "iou": 0.4700769415878546,
          "precision": 0.6495057076163223,
          "recall": 0.602506887475235,
          "n": 32
        },
        "text_prompts": {
          "Brain Tumor": {
            "dice": 0.0,
            "iou": 0.0,
            "precision": 0.0,
            "recall": 0.0,
            "n": 32
          },
          "Brain Metastasis": {
            "dice": 0.005958721704394141,
            "iou": 0.0032933470709449516,
            "precision": 0.03125,
            "recall": 0.0032933470709449516,
            "n": 32
          },
          "Enhancing Tumor": {
            "dice": 0.20246511221543098,
            "iou": 0.14166551509153313,
            "precision": 0.3469127315436923,
            "recall": 0.14995844995030494,
            "n": 32
          },
          "Tumor": {
            "dice": 0.0687350539223453,
            "iou": 0.043991156126502576,
            "precision": 0.21045576407506703,
            "recall": 0.04789679420576834,
            "n": 32
          }
        }
      },
      "t1c": {
        "box_prompt": {
          "dice": 0.5821791992606568,
          "iou": 0.4501368544141183,
          "precision": 0.6549848383049814,
          "recall": 0.5872249102897611,
          "n": 32
        },
        "text_prompts": {
          "Brain Tumor": {
            "dice": 0.0,
            "iou": 0.0,
            "precision": 0.0,
            "recall": 0.0,
            "n": 32
          },
          "Brain Metastasis": {
            "dice": 0.0,
            "iou": 0.0,
            "precision": 0.0,
            "recall": 0.0,
            "n": 32
          },
          "Enhancing Tumor": {
            "dice": 0.20282757729085737,
            "iou": 0.13294723932615643,
            "precision": 0.43672861770696925,
            "recall": 0.15222039381669325,
            "n": 32
          },
          "Tumor": {
            "dice": 0.023819249976021674,
            "iou": 0.01399595488733959,
            "precision": 0.09375,
            "recall": 0.01399595488733959,
            "n": 32
          }
        }
      },
      "t2w": {
        "box_prompt": {
          "dice": 0.6473183102254212,
          "iou": 0.5183183567558866,
          "precision": 0.7113989911446652,
          "recall": 0.6529135452839543,
          "n": 32
        },
        "text_prompts": {
          "Brain Tumor": {
            "dice": 0.0,
            "iou": 0.0,
            "precision": 0.0,
            "recall": 0.0,
            "n": 32
          },
          "Brain Metastasis": {
            "dice": 0.0,
            "iou": 0.0,
            "precision": 0.0,
            "recall": 0.0,
            "n": 32
          },
          "Enhancing Tumor": {
            "dice": 0.20961971236564725,
            "iou": 0.13731047565390625,
            "precision": 0.43061079771333743,
            "recall": 0.1455017538366934,
            "n": 32
          },
          "Tumor": {
            "dice": 0.05312975913415937,
            "iou": 0.03239797400541583,
            "precision": 0.1875,
            "recall": 0.03239797400541583,
            "n": 32
          }
        }
      },
      "t2f": {
        "box_prompt": {
          "dice": 0.7059341733444626,
          "iou": 0.5879439188550555,
          "precision": 0.7378715140241325,
          "recall": 0.743829395007651,
          "n": 32
        },
        "text_prompts": {
          "Brain Tumor": {
            "dice": 0.0,
            "iou": 0.0,
            "precision": 0.0,
            "recall": 0.0,
            "n": 32
          },
          "Brain Metastasis": {
            "dice": 0.014938956093189964,
            "iou": 0.009815646158375036,
            "precision": 0.03125,
            "recall": 0.009815646158375036,
            "n": 32
          },
          "Enhancing Tumor": {
            "dice": 0.21026174709303835,
            "iou": 0.1504445532807775,
            "precision": 0.35227370025903015,
            "recall": 0.19602480881617507,
            "n": 32
          },
          "Tumor": {
            "dice": 0.11135315758774308,
            "iou": 0.08575741569561562,
            "precision": 0.24657406976579488,
            "recall": 0.088785517360841,
            "n": 32
          }
        }
      }
    }
  },
  "by_label": {
    "NETC": {
      "t1n": {
        "box_prompt": {
          "dice": 0.526349838607474,
          "iou": 0.4031575346704415,
          "precision": 0.4826305615761602,
          "recall": 0.6268983650490975,
          "n": 13
        },
        "text_prompts": {
          "Brain Tumor": {
            "dice": 0.0,
            "iou": 0.0,
            "precision": 0.0,
            "recall": 0.0,
            "n": 13
          },
          "Brain Metastasis": {
            "dice": 0.05693950177935943,
            "iou": 0.04519774011299435,
            "precision": 0.0670391061452514,
            "recall": 0.04948453608247423,
            "n": 13
          },
          "Enhancing Tumor": {
            "dice": 0.18116653498234997,
            "iou": 0.12031991346230662,
            "precision": 0.1269560828004514,
            "recall": 0.530249626064656,
            "n": 13
          },
          "Tumor": {
            "dice": 0.22393447867773697,
            "iou": 0.16751309297757844,
            "precision": 0.22664731927012258,
            "recall": 0.3968392822205313,
            "n": 13
          }
        }
      },
      "t1c": {
        "box_prompt": {
          "dice": 0.6142258381298427,
          "iou": 0.5056321123251875,
          "precision": 0.6057101628326013,
          "recall": 0.6605496739168635,
          "n": 13
        },
        "text_prompts": {
          "Brain Tumor": {
            "dice": 0.0,
            "iou": 0.0,
            "precision": 0.0,
            "recall": 0.0,
            "n": 13
          },
          "Brain Metastasis": {
            "dice": 0.0,
            "iou": 0.0,
            "precision": 0.0,
            "recall": 0.0,
            "n": 13
          },
          "Enhancing Tumor": {
            "dice": 0.20692679468177655,
            "iou": 0.13353189301949367,
            "precision": 0.1404167492772265,
            "recall": 0.4744176852089051,
            "n": 13
          },
          "Tumor": {
            "dice": 0.1820397149228623,
            "iou": 0.15145735193740248,
            "precision": 0.22478024125672136,
            "recall": 0.15450840480068645,
            "n": 13
          }
        }
      },
      "t2w": {
        "box_prompt": {
          "dice": 0.5230495885599937,
          "iou": 0.40690780177940566,
          "precision": 0.5020592036883954,
          "recall": 0.580365484175031,
          "n": 13
        },
        "text_prompts": {
          "Brain Tumor": {
            "dice": 0.0,
            "iou": 0.0,
            "precision": 0.0,
            "recall": 0.0,
            "n": 13
          },
          "Brain Metastasis": {
            "dice": 0.0,
            "iou": 0.0,
            "precision": 0.0,
            "recall": 0.0,
            "n": 13
          },
          "Enhancing Tumor": {
            "dice": 0.20438134698500326,
            "iou": 0.12769794907731732,
            "precision": 0.1347533736534156,
            "recall": 0.5280509979924475,
            "n": 13
          },
          "Tumor": {
            "dice": 0.2597853188503555,
            "iou": 0.19964529607886883,
            "precision": 0.24443688936319063,
            "recall": 0.3705517845598993,
            "n": 13
          }
        }
      },
      "t2f": {
        "box_prompt": {
          "dice": 0.5253522002787269,