Contrast,Box Dice (%),Box IoU (%),Brain Tumor (%),Brain Metastasis (%),Enhancing Tumor (%),Tumor (%),N Samples
T1N,59.824890697124665,47.00769415878546,0.0,0.5958721704394141,20.2465112215431,6.87350539223453,32
T1C,58.217919926065676,45.01368544141183,0.0,0.0,20.282757729085738,2.3819249976021672,32
T2W,64.73183102254212,51.83183567558866,0.0,0.0,20.961971236564725,5.312975913415937,32
T2F,70.59341733444626,58.79439188550555,0.0,1.4938956093189963,21.026174709303834,11.135315758774308,32
