{
  "model_name": "medsam3",
  "timestamp": "2026-01-14T14:34:08.968443",
  "n_cases": 48,
  "contrasts": [
    "t1n",
    "t1c",
    "t2w",
    "t2f"
  ],
  "text_prompts": [
    "Brain Tumor",
    "Brain Metastasis",
    "Enhancing Tumor",
    "Tumor"
  ],
  "by_contrast": {
    "combined": {
      "t1n": {
        "text_prompts": {
          "Brain Tumor": {
            "dice": 0.07817971820262097,
            "iou": 0.05789796746773693,
            "precision": 0.12433081482919897,
            "recall": 0.06448916621427336,
            "n": 32
          },
          "Brain Metastasis": {
            "dice": 0.1311903695997158,
            "iou": 0.09561198267057028,
            "precision": 0.19550047143235866,
            "recall": 0.13900209889920587,
            "n": 32
          },
          "Enhancing Tumor": {
            "dice": 0.2249351575686842,
            "iou": 0.16283028123961754,
            "precision": 0.38374724602092664,
            "recall": 0.18868917683326686,
            "n": 32
          },
          "Tumor": {
            "dice": 0.18152582429385253,
            "iou": 0.1293310848304326,
            "precision": 0.2572210789203482,
            "recall": 0.19244562499731482,
            "n": 32
          }
        }
      },
      "t1c": {
        "text_prompts": {
          "Brain Tumor": {
            "dice": 0.11151888760036259,
            "iou": 0.08365252427790268,
            "precision": 0.12726962187319996,
            "recall": 0.12224235274462583,
            "n": 32
          },
          "Brain Metastasis": {
            "dice": 0.1814024720028799,
            "iou": 0.13220146795945514,
            "precision": 0.23586675902352855,
            "recall": 0.19246736930739888,
            "n": 32
          },
          "Enhancing Tumor": {
            "dice": 0.29231959766109794,
            "iou": 0.21125490156515284,
            "precision": 0.4297537965274147,
            "recall": 0.26650339309561955,
            "n": 32
          },
          "Tumor": {
            "dice": 0.23816867194124955,
            "iou": 0.17487125322623354,
            "precision": 0.2887655765734424,
            "recall": 0.30719182411606316,
            "n": 32
          }
        }
      },
      "t2w": {
        "text_prompts": {
          "Brain Tumor": {
            "dice": 0.07158693777233074,
            "iou": 0.053268914091035,
            "precision": 0.12077156463879066,
            "recall": 0.055782823963803074,
            "n": 32
          },
          "Brain Metastasis": {
            "dice": 0.1729504553976465,
            "iou": 0.13411471124202304,
            "precision": 0.22273708975513243,
            "recall": 0.1953167324403725,
            "n": 32
          },
          "Enhancing Tumor": {
            "dice": 0.3277097791881065,
            "iou": 0.23989723657229745,
            "precision": 0.4645927599272305,
            "recall": 0.30863173527426957,
            "n": 32
          },
          "Tumor": {
            "dice": 0.2581312644817919,
            "iou": 0.19315613598312242,
            "precision": 0.32695448993222764,
            "recall": 0.5963896220260368,
            "n": 32
          }
        }
      },
      "t2f": {
        "text_prompts": {
          "Brain Tumor": {
            "dice": 0.181749250973753,
            "iou": 0.1538822845786006,
            "precision": 0.22318867574164689,
            "recall": 0.177426541154665,
            "n": 32
          },
          "Brain Metastasis": {
            "dice": 0.31138931264179376,
            "iou": 0.2681861466879195,
            "precision": 0.3637391573000995,
            "recall": 0.3144912218385434,
            "n": 32
          },
          "Enhancing Tumor": {
            "dice": 0.3798848136523414,
            "iou": 0.32097858314653005,
            "precision": 0.46120590616504953,
            "recall": 0.3664590770563322,
            "n": 32
          },
          "Tumor": {
            "dice": 0.3339299198114264,
            "iou": 0.29086576508622486,
            "precision": 0.3868768490317336,
            "recall": 0.34811032846697476,
            "n": 32
          }
        }
      }
    }
  },
  "by_label": {
    "NETC": {
      "t1n": {
        "text_prompts": {
          "Brain Tumor": {
            "dice": 0.05185619693591107,
            "iou": 0.030046391522552767,
            "precision": 0.039850002000497486,
            "recall": 0.16125187459269322,
            "n": 13
          },
          "Brain Metastasis": {
            "dice": 0.08097516015585601,
            "iou": 0.04559911258919092,
            "precision": 0.055105437072456395,
            "recall": 0.3909108753857146,
            "n": 13
          },
          "Enhancing Tumor": {
            "dice": 0.2507477143102771,
            "iou": 0.17771921139985145,
            "precision": 0.19446048122661727,
            "recall": 0.7705880902060278,
            "n": 13
          },
          "Tumor": {
            "dice": 0.09373273330419499,
            "iou": 0.052164267799226054,
            "precision": 0.0615820688187696,
            "recall": 0.5474273668941042,
            "n": 13
          }
        }
      },
      "t1c": {
        "text_prompts": {
          "Brain Tumor": {
            "dice": 0.05919521503395027,
            "iou": 0.04167834042597069,
            "precision": 0.0422545895918677,
            "recall": 0.1514089870525514,
            "n": 13
          },
          "Brain Metastasis": {
            "dice": 0.0719332716109509,
            "iou": 0.04945420172364019,
            "precision": 0.051082978762106816,
            "recall": 0.12856997039910176,
            "n": 13
          },
          "Enhancing Tumor": {
            "dice": 0.2532045983626144,
            "iou": 0.16383276952318876,
            "precision": 0.1707211035034949,
            "recall": 0.7066740144780723,
            "n": 13
          },
          "Tumor": {
            "dice": 0.13897288801582494,
            "iou": 0.10282119572615919,
            "precision": 0.10329360202327681,
            "recall": 0.30557832204644514,
            "n": 13
          }
        }
      },
      "t2w": {
        "text_prompts": {
          "Brain Tumor": {
            "dice": 0.08768621937061714,
            "iou": 0.05693229326653349,
            "precision": 0.05717746402195984,
            "recall": 0.22855477855477854,
            "n": 13
          },
          "Brain Metastasis": {
            "dice": 0.09548358185752016,
            "iou": 0.0583366072311616,
            "precision": 0.0613902542814856,
            "recall": 0.26692284613076694,
            "n": 13
          },
          "Enhancing Tumor": {
            "dice": 0.24789277065571452,
            "iou": 0.1629068208889209,
            "precision": 0.1658228363256781,
            "recall": 0.7439977617669642,
            "n": 13
          },
          "Tumor": {
            "dice": 0.20615110321260996,
            "iou": 0.13531323174932022,
            "precision": 0.13659222395794074,
            "recall": 0.7540135503935008,
            "n": 13
          }
        }
      },
      "t2f": {
        "text_prompts": {
          "Brain Tumor": {
            "dice": 0.0850435060557165,
            "iou": 0.0499995394680932,
            "precision": 0.053266239251474806,
            "recall": 0.3309050651298278,
            "n": 13
          },
          "Brain Metastasis": {
            "dice": 0.16247113376268396,
            "iou": 0.10078087761519047,
            "precision": 0.10175866950102132,
            "recall": 0.6050338947951099,
            "n": 13
          },
          "Enhancing Tumor": {
            "dice": 0.1880166049991094,
            "iou": 0.11216781151277702,
            "precision": 0.11528994947587212,
            "recall": 0.7928276464145225,
            "n": 13
          },
          "Tumor": {
            "dice": 0.18931489596760825,