{
  "model_name": "medsam3",
  "dataset": "BraTS2023_SSA",
  "timestamp": "2026-01-14T22:12:57.384616",
  "n_cases": 20,
  "contrasts": [
    "t1n",
    "t1c",
    "t2w",
    "t2f"
  ],
  "text_prompts": [
    "Brain Tumor",
    "Glioma",
    "Enhancing Tumor",
    "Tumor"
  ],
  "by_contrast": {
    "combined": {
      "t1n": {
        "text_prompts": {
          "Brain Tumor": {
            "dice": 0.24773183100231805,
            "iou": 0.1857281298323072,
            "n": 14
          },
          "Glioma": {
            "dice": 0.21253652439921122,
            "iou": 0.1579978157409221,
            "n": 14
          },
          "Enhancing Tumor": {
            "dice": 0.3845667412635595,
            "iou": 0.2952457798973668,
            "n": 14
          },
          "Tumor": {
            "dice": 0.3456546660788087,
            "iou": 0.2549420111605744,
            "n": 14
          }
        }
      },
      "t1c": {
        "text_prompts": {
          "Brain Tumor": {
            "dice": 0.336476996771668,
            "iou": 0.24913584187774027,
            "n": 14
          },
          "Glioma": {
            "dice": 0.2771762759624168,
            "iou": 0.19273860956199843,
            "n": 14
          },
          "Enhancing Tumor": {
            "dice": 0.3406743989401555,
            "iou": 0.24100354253327747,
            "n": 14
          },
          "Tumor": {
            "dice": 0.3504436099052156,
            "iou": 0.2409109806628766,
            "n": 14
          }
        }
      },
      "t2w": {
        "text_prompts": {
          "Brain Tumor": {
            "dice": 0.3572920274411714,
            "iou": 0.26924958542325184,
            "n": 14
          },
          "Glioma": {
            "dice": 0.5436589911664143,
            "iou": 0.4168041083732598,
            "n": 14
          },
          "Enhancing Tumor": {
            "dice": 0.5453254313241205,
            "iou": 0.41716808545863093,
            "n": 14
          },
          "Tumor": {
            "dice": 0.5065126005942719,
            "iou": 0.38173028979896534,
            "n": 14
          }
        }
      },
      "t2f": {
        "text_prompts": {
          "Brain Tumor": {
            "dice": 0.42920982462621665,
            "iou": 0.33993324754846393,
            "n": 14
          },
          "Glioma": {
            "dice": 0.5011359373131095,
            "iou": 0.4062049217180136,
            "n": 14
          },
          "Enhancing Tumor": {
            "dice": 0.49163196124845815,
            "iou": 0.39382938724888616,
            "n": 14
          },
          "Tumor": {
            "dice": 0.49432908155252636,
            "iou": 0.39747859275314734,
            "n": 14
          }
        }
      }
    }
  },
  "by_label": {
    "NC": {
      "t1n": {
        "text_prompts": {
          "Brain Tumor": {
            "dice": 0.43930332715846104,
            "iou": 0.37178508377477676,
            "n": 9
          },
          "Glioma": {
            "dice": 0.32952421651444014,
            "iou": 0.2679693558674693,
            "n": 9
          },
          "Enhancing Tumor": {
            "dice": 0.5899977702499836,
            "iou": 0.4912783436787181,
            "n": 9
          },
          "Tumor": {
            "dice": 0.550298485435725,
            "iou": 0.44681977716905524,
            "n": 9
          },
          "Non-Enhancing Tumor Core": {
            "dice": 0.6665645203652302,
            "iou": 0.5843389916263164,
            "n": 9
          },
          "Non-Enhancing Core": {
            "dice": 0.6373109730393582,
            "iou": 0.5628376955818564,
            "n": 9
          },
          "Tumor Core": {
            "dice": 0.5322717857179172,
            "iou": 0.45034554889980377,
            "n": 9
          }
        }
      },
      "t1c": {
        "text_prompts": {
          "Brain Tumor": {
            "dice": 0.6379750623263406,
            "iou": 0.5674115366403163,
            "n": 9
          },
          "Glioma": {
            "dice": 0.6649487335428726,
            "iou": 0.5964846444079263,
            "n": 9
          },
          "Enhancing Tumor": {
            "dice": 0.42731147482410115,
            "iou": 0.3313846356193648,
            "n": 9
          },
          "Tumor": {
            "dice": 0.6613890975508405,
            "iou": 0.5741586337037334,
            "n": 9
          },
          "Non-Enhancing Tumor Core": {
            "dice": 0.6920563478131564,
            "iou": 0.6339126174252839,
            "n": 9
          },
          "Non-Enhancing Core": {
            "dice": 0.6906193600852251,
            "iou": 0.6314508952023783,
            "n": 9
          },
          "Tumor Core": {
            "dice": 0.6642612496798326,
            "iou": 0.5940149598017103,
            "n": 9
          }
        }
      },
      "t2w": {
        "text_prompts": {
          "Brain Tumor": {
            "dice": 0.3042166567315474,
            "iou": 0.20568382120853465,
            "n": 9
          },
          "Glioma": {
            "dice": 0.6005715487525399,
            "iou": 0.4933951604505119,
            "n": 9
          },
          "Enhancing Tumor": {
            "dice": 0.6114955970016566,
            "iou": 0.47844715318274456,
            "n": 9
          },
          "Tumor": {
            "dice": 0.5561351524400207,
            "iou": 0.4309866718250165,
            "n": 9
          },
          "Non-Enhancing Tumor Core": {
            "dice": 0.5976888267890557,
            "iou": 0.4897948921283384,
            "n": 9
          },
          "Non-Enhancing Core": {
            "dice": 0.5722071204034046,
            "iou": 0.47277614020031244,
            "n": 9
          },
          "Tumor Core": {
            "dice": 0.6183516241271004,
            "iou": 0.5072916901484701,
            "n": 9
          }
        }
      },
      "t2f": {
        "text_prompts": {
          "Brain Tumor": {
            "dice": 0.4141400778887057,
            "iou": 0.31172294601550543,
            "n": 9
          },
          "Glioma": {
            "dice": 0.5066033489959106,
            "iou": 0.4017981623179726,
            "n": 9
          },
          "Enhancing Tumor": {
            "dice": 0.5153983065673529,
            "iou": 0.4008382021216278,
            "n": 9
          },
          "Tumor": {
            "dice": 0.5122602205322164,
            "iou": 0.4039035113272528,
            "n": 9
          },
          "Non-Enhancing Tumor Core": {
            "dice": 0.518146821383957,
            "iou": 0.4199524405719172,
            "n": 9
          },
          "Non-Enhancing Core": {
            "dice": 0.4038439033787248,
            "iou": 0.33653989721792704,
            "n": 9
          },
          "Tumor Core": {
            "dice": 0.51614841271501,
            "iou": 0.40775395560893296,
            "n": 9
          }
        }
      }
    },
    "ED": {
      "t1n": {
        "text_prompts": {
          "Brain Tumor": {
            "dice": 0.041535253366683324,
            "iou": 0.025476755665087555,
            "n": 14
          },
          "Glioma": {
            "dice": 0.05057968863218522,
            "iou": 0.03132392818587578,
            "n": 14
          },
          "Enhancing Tumor": {
            "dice": 0.058918098824513425,
            "iou": 0.032355964506293855,
            "n": 14
          },
          "Tumor": {
            "dice": 0.05851101409110303,
            "iou": 0.034818341371463626,
            "n": 14
          },
          "Peritumoral Edema": {
            "dice": 0.08450339324420052,
            "iou": 0.05973999372181539,
            "n": 14
          },
          "Edema": {
            "dice": 0.09575146866034921,
            "iou": 0.06629998578753228,
            "n": 14
          },
          "Brain Edema": {
            "dice": 0.1063162855748913,
            "iou": 0.07172534184740033,