{
  "model_name": "sam3",
  "dataset": "BraTS2023_SSA",
  "timestamp": "2026-01-14T22:10:00.915043",
  "n_cases": 20,
  "contrasts": [
    "t1n",
    "t1c",
    "t2w",
    "t2f"
  ],
  "text_prompts": [
    "Brain Tumor",
    "Glioma",
    "Enhancing Tumor",
    "Tumor"
  ],
  "by_contrast": {
    "combined": {
      "t1n": {
        "text_prompts": {
          "Brain Tumor": {
            "dice": 0.0,
            "iou": 0.0,
            "n": 14
          },
          "Glioma": {
            "dice": 0.0,
            "iou": 0.0,
            "n": 14
          },
          "Enhancing Tumor": {
            "dice": 0.24017166333789328,
            "iou": 0.1561559767110357,
            "n": 14
          },
          "Tumor": {
            "dice": 0.1905566923344857,
            "iou": 0.13122116151586005,
            "n": 14
          }
        }
      },
      "t1c": {
        "text_prompts": {
          "Brain Tumor": {
            "dice": 0.0,
            "iou": 0.0,
            "n": 14
          },
          "Glioma": {
            "dice": 0.0,
            "iou": 0.0,
            "n": 14
          },
          "Enhancing Tumor": {
            "dice": 0.26498786982521183,
            "iou": 0.1740249466675218,
            "n": 14
          },
          "Tumor": {
            "dice": 0.2564071633498269,
            "iou": 0.18340006822461916,
            "n": 14
          }
        }
      },
      "t2w": {
        "text_prompts": {
          "Brain Tumor": {
            "dice": 0.0,
            "iou": 0.0,
            "n": 14
          },
          "Glioma": {
            "dice": 0.0,
            "iou": 0.0,
            "n": 14
          },
          "Enhancing Tumor": {
            "dice": 0.32495841463884567,
            "iou": 0.20836656425652184,
            "n": 14
          },
          "Tumor": {
            "dice": 0.26785216139890405,
            "iou": 0.18245642015668007,
            "n": 14
          }
        }
      },
      "t2f": {
        "text_prompts": {
          "Brain Tumor": {
            "dice": 0.0,
            "iou": 0.0,
            "n": 14
          },
          "Glioma": {
            "dice": 0.045200735363114655,
            "iou": 0.029059742333264395,
            "n": 14
          },
          "Enhancing Tumor": {
            "dice": 0.3384122528041643,
            "iou": 0.22699358846056222,
            "n": 14
          },
          "Tumor": {
            "dice": 0.35702151331088156,
            "iou": 0.25917703163999317,
            "n": 14
          }
        }
      }
    }
  },
  "by_label": {
    "NC": {
      "t1n": {
        "text_prompts": {
          "Brain Tumor": {
            "dice": 0.0,
            "iou": 0.0,
            "n": 9
          },
          "Glioma": {
            "dice": 0.0,
            "iou": 0.0,
            "n": 9
          },
          "Enhancing Tumor": {
            "dice": 0.24516025265565894,
            "iou": 0.15047297472862178,
            "n": 9
          },
          "Tumor": {
            "dice": 0.5433352827413628,
            "iou": 0.4733007442180958,
            "n": 9
          },
          "Non-Enhancing Tumor Core": {
            "dice": 0.6769598335831446,
            "iou": 0.5914923092919306,
            "n": 9
          },
          "Non-Enhancing Core": {
            "dice": 0.540019171355864,
            "iou": 0.4692342432853079,
            "n": 9
          },
          "Tumor Core": {
            "dice": 0.36496411749417434,
            "iou": 0.3231690781086707,
            "n": 9
          }
        }
      },
      "t1c": {
        "text_prompts": {
          "Brain Tumor": {
            "dice": 0.0,
            "iou": 0.0,
            "n": 9
          },
          "Glioma": {
            "dice": 0.0,
            "iou": 0.0,
            "n": 9
          },
          "Enhancing Tumor": {
            "dice": 0.11855489297871966,
            "iou": 0.06730659319199522,
            "n": 9
          },
          "Tumor": {
            "dice": 0.8165057984809739,
            "iou": 0.7316364153700109,
            "n": 9
          },
          "Non-Enhancing Tumor Core": {
            "dice": 0.8225556914376845,
            "iou": 0.7404955448792084,
            "n": 9
          },
          "Non-Enhancing Core": {
            "dice": 0.7668639607862829,
            "iou": 0.7002073387977608,
            "n": 9
          },
          "Tumor Core": {
            "dice": 0.554456252166804,
            "iou": 0.49798187062186255,
            "n": 9
          }
        }
      },
      "t2w": {
        "text_prompts": {
          "Brain Tumor": {
            "dice": 0.0,
            "iou": 0.0,
            "n": 9
          },
          "Glioma": {
            "dice": 0.0,
            "iou": 0.0,
            "n": 9
          },
          "Enhancing Tumor": {
            "dice": 0.2579652324080596,
            "iou": 0.15791956735748522,
            "n": 9
          },
          "Tumor": {
            "dice": 0.693130067582024,
            "iou": 0.5940664698437225,
            "n": 9
          },
          "Non-Enhancing Tumor Core": {
            "dice": 0.6125305721646641,
            "iou": 0.5298889294200655,
            "n": 9
          },
          "Non-Enhancing Core": {
            "dice": 0.5611576298952716,
            "iou": 0.4946987086154571,
            "n": 9
          },
          "Tumor Core": {
            "dice": 0.5642926828484859,
            "iou": 0.5032075918377301,
            "n": 9
          }
        }
      },
      "t2f": {
        "text_prompts": {
          "Brain Tumor": {
            "dice": 0.0,
            "iou": 0.0,
            "n": 9
          },
          "Glioma": {
            "dice": 0.07861208284746517,
            "iou": 0.04789560089447853,
            "n": 9
          },
          "Enhancing Tumor": {
            "dice": 0.270179908026436,
            "iou": 0.1663974647296561,
            "n": 9
          },
          "Tumor": {
            "dice": 0.6703704855640128,
            "iou": 0.552686719794083,
            "n": 9
          },
          "Non-Enhancing Tumor Core": {
            "dice": 0.6853770724414704,
            "iou": 0.5683182710650154,
            "n": 9
          },
          "Non-Enhancing Core": {
            "dice": 0.5159146980742382,
            "iou": 0.421963369877002,
            "n": 9
          },
          "Tumor Core": {
            "dice": 0.5617286174395254,
            "iou": 0.4785305185463015,
            "n": 9
          }
        }
      }
    },
    "ED": {
      "t1n": {
        "text_prompts": {
          "Brain Tumor": {
            "dice": 0.0,
            "iou": 0.0,
            "n": 14
          },
          "Glioma": {
            "dice": 0.0,
            "iou": 0.0,
            "n": 14
          },
          "Enhancing Tumor": {
            "dice": 0.0971142568549818,
            "iou": 0.05820360315337,
            "n": 14
          },
          "Tumor": {
            "dice": 0.0005057616633394486,
            "iou": 0.00025365609128815233,
            "n": 14
          },
          "Peritumoral Edema": {
            "dice": 0.5560746834792339,
            "iou": 0.41637492850636765,
            "n": 14
          },
          "Edema": {
            "dice": 0.5547743235392291,
            "iou": 0.4141063416653586,
            "n": 14
          },
          "Brain Edema": {
            "dice": 0.5435569843688454,
            "iou": 0.4061161218757799,
            "n": 14
          }
        }
      },
      "t1c": {
        "text_prompts": {
          "Brain Tumor": {
            "dice": 0.0,
            "iou": 0.0,
            "n": 14
          },
          "Glioma": {
            "dice": 0.0,
            "iou": 0.0,
            "n": 14
          },
          "Enhancing Tumor": {
            "dice": 0.07360379079726867,
            "iou": 0.05015048154699279,
            "n": 14
          },
          "Tumor": {
            "dice": 0.0018575063003364238,