{
  "model_name": "medsam3",
  "dataset": "BraTS2023_MEN",
  "timestamp": "2026-01-14T22:36:26.405671",
  "n_cases": 20,
  "contrasts": [
    "t1n",
    "t1c",
    "t2w",
    "t2f"
  ],
  "text_prompts": [
    "Brain Tumor",
    "Meningioma",
    "Enhancing Tumor",
    "Tumor"
  ],
  "by_contrast": {
    "combined": {
      "t1n": {
        "text_prompts": {
          "Brain Tumor": {
            "dice": 0.40044871319175046,
            "iou": 0.3006117260502355,
            "n": 6
          },
          "Meningioma": {
            "dice": 0.2661078196776798,
            "iou": 0.19374407240681943,
            "n": 6
          },
          "Enhancing Tumor": {
            "dice": 0.3994942275658118,
            "iou": 0.26575477315282287,
            "n": 6
          },
          "Tumor": {
            "dice": 0.36829225817729117,
            "iou": 0.27581901671599435,
            "n": 6
          }
        }
      },
      "t1c": {
        "text_prompts": {
          "Brain Tumor": {
            "dice": 0.4181654401534047,
            "iou": 0.32097762446433475,
            "n": 6
          },
          "Meningioma": {
            "dice": 0.34244819944224175,
            "iou": 0.23406523203498406,
            "n": 6
          },
          "Enhancing Tumor": {
            "dice": 0.42873018284079584,
            "iou": 0.3294627444322922,
            "n": 6
          },
          "Tumor": {
            "dice": 0.427430155257146,
            "iou": 0.3287838533942382,
            "n": 6
          }
        }
      },
      "t2w": {
        "text_prompts": {
          "Brain Tumor": {
            "dice": 0.49896514115482327,
            "iou": 0.3961071917475201,
            "n": 6
          },
          "Meningioma": {
            "dice": 0.3566677675190015,
            "iou": 0.26765523357749094,
            "n": 6
          },
          "Enhancing Tumor": {
            "dice": 0.38869873154738627,
            "iou": 0.27643071154180204,
            "n": 6
          },
          "Tumor": {
            "dice": 0.5111606383004176,
            "iou": 0.40513872428244085,
            "n": 6
          }
        }
      },
      "t2f": {
        "text_prompts": {
          "Brain Tumor": {
            "dice": 0.3211707927382938,
            "iou": 0.24964871780469008,
            "n": 6
          },
          "Meningioma": {
            "dice": 0.3478697657826096,
            "iou": 0.2641060500871982,
            "n": 6
          },
          "Enhancing Tumor": {
            "dice": 0.2513936357198098,
            "iou": 0.16117839316558916,
            "n": 6
          },
          "Tumor": {
            "dice": 0.46408456319160324,
            "iou": 0.3522005123357103,
            "n": 6
          }
        }
      }
    }
  },
  "by_label": {
    "NETC": {
      "t1n": {
        "text_prompts": {
          "Brain Tumor": {
            "dice": 0.7282608695652174,
            "iou": 0.5726495726495726,
            "n": 1
          },
          "Meningioma": {
            "dice": 0.8841544607190412,
            "iou": 0.7923627684964201,
            "n": 1
          },
          "Enhancing Tumor": {
            "dice": 0.3427041499330656,
            "iou": 0.20678513731825526,
            "n": 1
          },
          "Tumor": {
            "dice": 0.3471502590673575,
            "iou": 0.21003134796238246,
            "n": 1
          },
          "Non-Enhancing Tumor Core": {
            "dice": 0.7328918322295805,
            "iou": 0.578397212543554,
            "n": 1
          },
          "Necrotic Core": {
            "dice": 0.0,
            "iou": 0.0,
            "n": 1
          },
          "Tumor Core": {
            "dice": 0.9095890410958904,
            "iou": 0.8341708542713567,
            "n": 1
          }
        }
      },
      "t1c": {
        "text_prompts": {
          "Brain Tumor": {
            "dice": 0.0,
            "iou": 0.0,
            "n": 1
          },
          "Meningioma": {
            "dice": 0.8779220779220779,
            "iou": 0.7824074074074074,
            "n": 1
          },
          "Enhancing Tumor": {
            "dice": 0.0,
            "iou": 0.0,
            "n": 1
          },
          "Tumor": {
            "dice": 0.0,
            "iou": 0.0,
            "n": 1
          },
          "Non-Enhancing Tumor Core": {
            "dice": 0.0,
            "iou": 0.0,
            "n": 1
          },
          "Necrotic Core": {
            "dice": 0.0,
            "iou": 0.0,
            "n": 1
          },
          "Tumor Core": {
            "dice": 0.4570655848546315,
            "iou": 0.2962313759859772,
            "n": 1
          }
        }
      },
      "t2w": {
        "text_prompts": {
          "Brain Tumor": {
            "dice": 0.38058252427184464,
            "iou": 0.23501199040767387,
            "n": 1
          },
          "Meningioma": {
            "dice": 0.3449001051524711,
            "iou": 0.20838627700127066,
            "n": 1
          },
          "Enhancing Tumor": {
            "dice": 0.0,
            "iou": 0.0,
            "n": 1
          },
          "Tumor": {
            "dice": 0.34514637904468415,
            "iou": 0.2085661080074488,
            "n": 1
          },
          "Non-Enhancing Tumor Core": {
            "dice": 0.37141249296567247,
            "iou": 0.22805805114029026,
            "n": 1
          },
          "Necrotic Core": {
            "dice": 0.3579849946409432,
            "iou": 0.21801566579634465,
            "n": 1
          },
          "Tumor Core": {
            "dice": 0.33784461152882206,
            "iou": 0.20325693606755127,
            "n": 1
          }
        }
      },
      "t2f": {
        "text_prompts": {
          "Brain Tumor": {
            "dice": 0.7110141766630316,
            "iou": 0.5516074450084603,
            "n": 1
          },
          "Meningioma": {
            "dice": 0.0595446584938704,
            "iou": 0.030685920577617327,
            "n": 1
          },
          "Enhancing Tumor": {
            "dice": 0.5200845665961945,
            "iou": 0.3514285714285714,
            "n": 1
          },
          "Tumor": {
            "dice": 0.7110141766630316,
            "iou": 0.5516074450084603,
            "n": 1
          },
          "Non-Enhancing Tumor Core": {
            "dice": 0.7287173666288309,
            "iou": 0.5732142857142857,
            "n": 1
          },
          "Necrotic Core": {
            "dice": 0.0,
            "iou": 0.0,
            "n": 1
          },
          "Tumor Core": {
            "dice": 0.7149122807017544,
            "iou": 0.5563139931740614,
            "n": 1
          }
        }
      }
    },
    "SNFH": {
      "t1n": {
        "text_prompts": {
          "Brain Tumor": {
            "dice": 0.12981116112046556,
            "iou": 0.0804711648588675,
            "n": 6
          },
          "Meningioma": {
            "dice": 0.08126759523360523,
            "iou": 0.05282149863630351,
            "n": 6
          },
          "Enhancing Tumor": {
            "dice": 0.19151481187171648,
            "iou": 0.12692649929171448,
            "n": 6
          },
          "Tumor": {
            "dice": 0.12394839654133614,
            "iou": 0.0767755337679537,
            "n": 6
          },
          "Peritumoral Edema": {
            "dice": 0.22112528279456445,
            "iou": 0.17069462259310772,
            "n": 6
          },
          "Edema": {
            "dice": 0.3935695265889438,
            "iou": 0.2973125779134022,
            "n": 6
          },
          "FLAIR Hyperintensity": {
            "dice": 0.0,
            "iou": 0.0,
            "n": 6
          }
        }
      },
      "t1c": {
        "text_prompts": {
          "Brain Tumor": {
            "dice": 0.09342231685967793,
            "iou": 0.06322999882940834,
            "n": 6
          },
          "Meningioma": {
            "dice": 0.21566293163360487,