{
  "model_name": "medsam3",
  "dataset": "BraTS2021",
  "timestamp": "2026-01-14T23:01:44.035952",
  "n_cases": 20,
  "contrasts": [
    "t1",
    "t1ce",
    "t2",
    "flair"
  ],
  "text_prompts": [
    "Brain Tumor",
    "Glioma",
    "Enhancing Tumor",
    "Tumor"
  ],
  "by_contrast": {
    "combined": {
      "t1": {
        "text_prompts": {
          "Brain Tumor": {
            "dice": 0.398017878510666,
            "iou": 0.30910180440785523,
            "n": 18
          },
          "Glioma": {
            "dice": 0.3540545360648764,
            "iou": 0.2765819105015064,
            "n": 18
          },
          "Enhancing Tumor": {
            "dice": 0.38617159829007813,
            "iou": 0.2928378389908923,
            "n": 18
          },
          "Tumor": {
            "dice": 0.42073614352483735,
            "iou": 0.3298846133306108,
            "n": 18
          }
        }
      },
      "t1ce": {
        "text_prompts": {
          "Brain Tumor": {
            "dice": 0.38615531780997414,
            "iou": 0.2877078703745242,
            "n": 18
          },
          "Glioma": {
            "dice": 0.3376433125304363,
            "iou": 0.240874780231017,
            "n": 18
          },
          "Enhancing Tumor": {
            "dice": 0.37968830349788196,
            "iou": 0.25967866801961165,
            "n": 18
          },
          "Tumor": {
            "dice": 0.4746780410261352,
            "iou": 0.35057187757933056,
            "n": 18
          }
        }
      },
      "t2": {
        "text_prompts": {
          "Brain Tumor": {
            "dice": 0.27313236958325865,
            "iou": 0.2219709409086459,
            "n": 18
          },
          "Glioma": {
            "dice": 0.5353852048996885,
            "iou": 0.41762880061671914,
            "n": 18
          },
          "Enhancing Tumor": {
            "dice": 0.47964133331344844,
            "iou": 0.3600206468322017,
            "n": 18
          },
          "Tumor": {
            "dice": 0.4593955941683166,
            "iou": 0.35893347710160506,
            "n": 18
          }
        }
      },
      "flair": {
        "text_prompts": {
          "Brain Tumor": {
            "dice": 0.40457924318883703,
            "iou": 0.3374682359434708,
            "n": 18
          },
          "Glioma": {
            "dice": 0.5252781440867238,
            "iou": 0.42518514946183034,
            "n": 18
          },
          "Enhancing Tumor": {
            "dice": 0.5553087962313049,
            "iou": 0.43334242883178614,
            "n": 18
          },
          "Tumor": {
            "dice": 0.5421974805855083,
            "iou": 0.44313564622677115,
            "n": 18
          }
        }
      }
    }
  },
  "by_label": {
    "NCR": {
      "t1": {
        "text_prompts": {
          "Brain Tumor": {
            "dice": 0.272262578278178,
            "iou": 0.22377036354152113,
            "n": 12
          },
          "Glioma": {
            "dice": 0.23954468885060112,
            "iou": 0.2044019197188798,
            "n": 12
          },
          "Enhancing Tumor": {
            "dice": 0.20460838448174842,
            "iou": 0.14038690023768782,
            "n": 12
          },
          "Tumor": {
            "dice": 0.27399275094961684,
            "iou": 0.22554418640308527,
            "n": 12
          },
          "Non-Enhancing Tumor Core": {
            "dice": 0.2886874540096776,
            "iou": 0.23342138604425025,
            "n": 12
          },
          "Necrotic Core": {
            "dice": 0.23154326627524138,
            "iou": 0.19826952466797085,
            "n": 12
          },
          "Tumor Core": {
            "dice": 0.27432560409281787,
            "iou": 0.22552415839561912,
            "n": 12
          }
        }
      },
      "t1ce": {
        "text_prompts": {
          "Brain Tumor": {
            "dice": 0.27019135135976446,
            "iou": 0.19065129247353071,
            "n": 12
          },
          "Glioma": {
            "dice": 0.4650724221624917,
            "iou": 0.3873856099012454,
            "n": 12
          },
          "Enhancing Tumor": {
            "dice": 0.1374418150301651,
            "iou": 0.08335987280595296,
            "n": 12
          },
          "Tumor": {
            "dice": 0.4347248309489238,
            "iou": 0.35501462623319374,
            "n": 12
          },
          "Non-Enhancing Tumor Core": {
            "dice": 0.5035532403967126,
            "iou": 0.43699350351673694,
            "n": 12
          },
          "Necrotic Core": {
            "dice": 0.46003339377680735,
            "iou": 0.3867784813922089,
            "n": 12
          },
          "Tumor Core": {
            "dice": 0.45503107264419623,
            "iou": 0.37718275436292387,
            "n": 12
          }
        }
      },
      "t2": {
        "text_prompts": {
          "Brain Tumor": {
            "dice": 0.18886428069998276,
            "iou": 0.12975625001398486,
            "n": 12
          },
          "Glioma": {
            "dice": 0.3610561693039944,
            "iou": 0.2821869248267767,
            "n": 12
          },
          "Enhancing Tumor": {
            "dice": 0.2695105891551408,
            "iou": 0.17517653443971978,
            "n": 12
          },
          "Tumor": {
            "dice": 0.29474142718544466,
            "iou": 0.21968671110862528,
            "n": 12
          },
          "Non-Enhancing Tumor Core": {
            "dice": 0.4014092936726035,
            "iou": 0.30440891804286113,
            "n": 12
          },
          "Necrotic Core": {
            "dice": 0.3353172462906493,
            "iou": 0.25508914340554073,
            "n": 12
          },
          "Tumor Core": {
            "dice": 0.28207257118761037,
            "iou": 0.21394346855834054,
            "n": 12
          }
        }
      },
      "flair": {
        "text_prompts": {
          "Brain Tumor": {
            "dice": 0.2779802010365233,
            "iou": 0.21111285048463133,
            "n": 12
          },
          "Glioma": {
            "dice": 0.28986947698816407,
            "iou": 0.2267188789664928,
            "n": 12
          },
          "Enhancing Tumor": {
            "dice": 0.22966203901278623,
            "iou": 0.14689767699330786,
            "n": 12
          },
          "Tumor": {
            "dice": 0.3019180700620932,
            "iou": 0.23319324325830462,
            "n": 12
          },
          "Non-Enhancing Tumor Core": {
            "dice": 0.31678148124770417,
            "iou": 0.2427022148587031,
            "n": 12
          },
          "Necrotic Core": {
            "dice": 0.2428286348945099,
            "iou": 0.19877037738082928,
            "n": 12
          },
          "Tumor Core": {
            "dice": 0.29553423230432524,
            "iou": 0.2286656384119716,
            "n": 12
          }
        }
      }
    },
    "ED": {
      "t1": {
        "text_prompts": {
          "Brain Tumor": {
            "dice": 0.2038125531927056,
            "iou": 0.13639005041298544,
            "n": 18
          },
          "Glioma": {
            "dice": 0.19612810064248384,
            "iou": 0.13732843118226418,
            "n": 18
          },
          "Enhancing Tumor": {
            "dice": 0.20319268447107922,
            "iou": 0.13906569368836796,
            "n": 18
          },
          "Tumor": {
            "dice": 0.224282262770167,
            "iou": 0.15334345187041554,
            "n": 18
          },
          "Peritumoral Edema": {
            "dice": 0.31921444331002213,
            "iou": 0.22877499527064613,
            "n": 18
          },
          "Edema": {
            "dice": 0.3831406261672867,
            "iou": 0.2739373616588975,
            "n": 18
          },
          "Brain Edema": {
            "dice": 0.3348596612388686,
            "iou": 0.24185849584265373,