{
  "model_name": "sam3",
  "dataset": "BraTS2021",
  "timestamp": "2026-01-14T22:58:52.680306",
  "n_cases": 20,
  "contrasts": [
    "t1",
    "t1ce",
    "t2",
    "flair"
  ],
  "text_prompts": [
    "Brain Tumor",
    "Glioma",
    "Enhancing Tumor",
    "Tumor"
  ],
  "by_contrast": {
    "combined": {
      "t1": {
        "text_prompts": {
          "Brain Tumor": {
            "dice": 0.0,
            "iou": 0.0,
            "n": 18
          },
          "Glioma": {
            "dice": 0.0,
            "iou": 0.0,
            "n": 18
          },
          "Enhancing Tumor": {
            "dice": 0.41625036019995476,
            "iou": 0.2965711186794103,
            "n": 18
          },
          "Tumor": {
            "dice": 0.16539405199231647,
            "iou": 0.11133869499334154,
            "n": 18
          }
        }
      },
      "t1ce": {
        "text_prompts": {
          "Brain Tumor": {
            "dice": 0.0,
            "iou": 0.0,
            "n": 18
          },
          "Glioma": {
            "dice": 0.0,
            "iou": 0.0,
            "n": 18
          },
          "Enhancing Tumor": {
            "dice": 0.3180830262785299,
            "iou": 0.2074253301511497,
            "n": 18
          },
          "Tumor": {
            "dice": 0.1666822294692953,
            "iou": 0.106309956292533,
            "n": 18
          }
        }
      },
      "t2": {
        "text_prompts": {
          "Brain Tumor": {
            "dice": 0.0,
            "iou": 0.0,
            "n": 18
          },
          "Glioma": {
            "dice": 0.0,
            "iou": 0.0,
            "n": 18
          },
          "Enhancing Tumor": {
            "dice": 0.34990648615023945,
            "iou": 0.23257447798199,
            "n": 18
          },
          "Tumor": {
            "dice": 0.11906592150066936,
            "iou": 0.07229942052557645,
            "n": 18
          }
        }
      },
      "flair": {
        "text_prompts": {
          "Brain Tumor": {
            "dice": 0.0,
            "iou": 0.0,
            "n": 18
          },
          "Glioma": {
            "dice": 0.0,
            "iou": 0.0,
            "n": 18
          },
          "Enhancing Tumor": {
            "dice": 0.36255528884960414,
            "iou": 0.2562962729750907,
            "n": 18
          },
          "Tumor": {
            "dice": 0.2415978988456437,
            "iou": 0.168406174638529,
            "n": 18
          }
        }
      }
    }
  },
  "by_label": {
    "NCR": {
      "t1": {
        "text_prompts": {
          "Brain Tumor": {
            "dice": 0.0,
            "iou": 0.0,
            "n": 12
          },
          "Glioma": {
            "dice": 0.0,
            "iou": 0.0,
            "n": 12
          },
          "Enhancing Tumor": {
            "dice": 0.15662957797664753,
            "iou": 0.09069751884885578,
            "n": 12
          },
          "Tumor": {
            "dice": 0.33198317155358,
            "iou": 0.2643707468584527,
            "n": 12
          },
          "Non-Enhancing Tumor Core": {
            "dice": 0.35998347495889366,
            "iou": 0.28319903622873543,
            "n": 12
          },
          "Necrotic Core": {
            "dice": 0.16895794790601895,
            "iou": 0.1305006861492451,
            "n": 12
          },
          "Tumor Core": {
            "dice": 0.19565037253988912,
            "iou": 0.1694203061840327,
            "n": 12
          }
        }
      },
      "t1ce": {
        "text_prompts": {
          "Brain Tumor": {
            "dice": 0.0,
            "iou": 0.0,
            "n": 12
          },
          "Glioma": {
            "dice": 0.0,
            "iou": 0.0,
            "n": 12
          },
          "Enhancing Tumor": {
            "dice": 0.060765286982301187,
            "iou": 0.03308773849705312,
            "n": 12
          },
          "Tumor": {
            "dice": 0.45933083616410336,
            "iou": 0.39982187669613806,
            "n": 12
          },
          "Non-Enhancing Tumor Core": {
            "dice": 0.5120443564448808,
            "iou": 0.4492856234075686,
            "n": 12
          },
          "Necrotic Core": {
            "dice": 0.24934746378639558,
            "iou": 0.21169273082970405,
            "n": 12
          },
          "Tumor Core": {
            "dice": 0.23065828397754587,
            "iou": 0.21466179195483512,
            "n": 12
          }
        }
      },
      "t2": {
        "text_prompts": {
          "Brain Tumor": {
            "dice": 0.0,
            "iou": 0.0,
            "n": 12
          },
          "Glioma": {
            "dice": 0.0,
            "iou": 0.0,
            "n": 12
          },
          "Enhancing Tumor": {
            "dice": 0.1972276429425637,
            "iou": 0.11519439691783895,
            "n": 12
          },
          "Tumor": {
            "dice": 0.41667966848924703,
            "iou": 0.3156565852544206,
            "n": 12
          },
          "Non-Enhancing Tumor Core": {
            "dice": 0.44716766691182547,
            "iou": 0.34758679937109244,
            "n": 12
          },
          "Necrotic Core": {
            "dice": 0.029869659666908036,
            "iou": 0.01819585355094839,
            "n": 12
          },
          "Tumor Core": {
            "dice": 0.14754711391967532,
            "iou": 0.13378441094343418,
            "n": 12
          }
        }
      },
      "flair": {
        "text_prompts": {
          "Brain Tumor": {
            "dice": 0.0,
            "iou": 0.0,
            "n": 12
          },
          "Glioma": {
            "dice": 0.0,
            "iou": 0.0,
            "n": 12
          },
          "Enhancing Tumor": {
            "dice": 0.22147624955495412,
            "iou": 0.13400489515895866,
            "n": 12
          },
          "Tumor": {
            "dice": 0.327769003664909,
            "iou": 0.26115994222250916,
            "n": 12
          },
          "Non-Enhancing Tumor Core": {
            "dice": 0.4262412508750568,
            "iou": 0.3351154694038056,
            "n": 12
          },
          "Necrotic Core": {
            "dice": 0.0693069306930693,
            "iou": 0.059322033898305086,
            "n": 12
          },
          "Tumor Core": {
            "dice": 0.2376099248991507,
            "iou": 0.19556095399159665,
            "n": 12
          }
        }
      }
    },
    "ED": {
      "t1": {
        "text_prompts": {
          "Brain Tumor": {
            "dice": 0.0,
            "iou": 0.0,
            "n": 18
          },
          "Glioma": {
            "dice": 0.0,
            "iou": 0.0,
            "n": 18
          },
          "Enhancing Tumor": {
            "dice": 0.21004670173492662,
            "iou": 0.13850864731122836,
            "n": 18
          },
          "Tumor": {
            "dice": 0.04352515153535348,
            "iou": 0.032883069760867016,
            "n": 18
          },
          "Peritumoral Edema": {
            "dice": 0.5546432737602349,
            "iou": 0.417402854027052,
            "n": 18
          },
          "Edema": {
            "dice": 0.5523059652740844,
            "iou": 0.4153475640407207,
            "n": 18
          },
          "Brain Edema": {
            "dice": 0.546987229311774,
            "iou": 0.41158051509534604,
            "n": 18
          }
        }
      },
      "t1ce": {
        "text_prompts": {
          "Brain Tumor": {
            "dice": 0.0,
            "iou": 0.0,
            "n": 18
          },
          "Glioma": {
            "dice": 0.0,
            "iou": 0.0,
            "n": 18
          },
          "Enhancing Tumor": {
            "dice": 0.06313216738458367,
            "iou": 0.03659429800787648,
            "n": 18
          },
          "Tumor": {
            "dice": 0.05823911926678119,
            "iou": 0.03880664811346389,