Dataset,Text Prompt,Box Dice (%),Box IoU (%),Box PSNR,Box SSIM,Text Dice (%),Text IoU (%),Text PSNR,Text SSIM,N Samples
CHASE_DB1,Retinal Blood Vessel,32.67042229172336,20.957167473004628,5.953383286963572,0.17989571810228822,62.5833165024776,45.66694443495754,11.90471866518598,0.5483615106154435,28
STARE,Retinal Blood Vessel,58.95948370665904,42.63490282709406,11.271782964088283,0.5117589323286724,54.406954959095565,37.83748787140627,10.020960821225056,0.42186358597242996,20
CVC-ClinicDB,Polyp,91.53213022879521,85.5935736844373,21.081901410121613,0.9004682556890722,87.94159005237248,81.18505822111769,20.545073519594073,0.8511962878872984,612
ETIS-Larib,Polyp,91.91974270965314,86.31621145424249,25.960222469853356,0.9140389877525844,86.14447798851828,79.32237896800969,24.329338137975775,0.8500748686902649,196
PH2,Skin Lesion,93.56032056191307,88.57859918619883,16.156036508365204,0.8849093543501004,92.71024671537343,87.46196605103778,15.971592900064131,0.8741006119579475,200
