Dataset,Text Prompt,Box Dice (%),Box IoU (%),Box PSNR,Box SSIM,Text Dice (%),Text IoU (%),Text PSNR,Text SSIM,N Samples
CHASE_DB1,Retinal Blood Vessel,8.202765120382335,4.483157254854913,7.408624615756329,0.007859423219888449,17.864824210929644,9.829363640894698,3.0602868969038255,0.037358325677350035,28
STARE,Retinal Blood Vessel,19.51623163546365,10.871886025679691,2.504905219931339,0.043604380879193105,18.559646739037035,10.263384505989368,1.8877772774795871,0.03099269550950684,20
CVC-ClinicDB,Polyp,93.61663342992881,88.56554744868859,21.974840120439463,0.9257785015675859,0.0,0.0,0.0,0.0,612
ETIS-Larib,Polyp,94.43143455520284,89.70556756988123,26.901992848358216,0.9427790644384338,0.0,0.0,0.0,0.0,196
PH2,Skin Lesion,93.89884645958755,89.69079849645496,16.70580059050248,0.8963701775273638,18.440603459605974,14.912918414232468,2.508041057511467,-0.1644944633089473,200
