{
  "model_name": "medsam3",
  "dataset": "BraTS2018",
  "timestamp": "2026-01-14T23:38:14.106936",
  "n_cases": 20,
  "contrasts": [
    "t1",
    "t1ce",
    "t2",
    "flair"
  ],
  "text_prompts": [
    "Brain Tumor",
    "Glioma",
    "Enhancing Tumor",
    "Tumor"
  ],
  "by_contrast": {
    "combined": {
      "t1": {
        "text_prompts": {
          "Brain Tumor": {
            "dice": 0.35220066806332434,
            "iou": 0.2775110873196542,
            "n": 20
          },
          "Glioma": {
            "dice": 0.2752952549544828,
            "iou": 0.2147935074978776,
            "n": 20
          },
          "Enhancing Tumor": {
            "dice": 0.44223203314664195,
            "iou": 0.3253267825745262,
            "n": 20
          },
          "Tumor": {
            "dice": 0.42157010860280264,
            "iou": 0.32948949269316685,
            "n": 20
          }
        }
      },
      "t1ce": {
        "text_prompts": {
          "Brain Tumor": {
            "dice": 0.3140591850658527,
            "iou": 0.23162550267847348,
            "n": 20
          },
          "Glioma": {
            "dice": 0.23140474042485049,
            "iou": 0.16027432063862285,
            "n": 20
          },
          "Enhancing Tumor": {
            "dice": 0.35520423994842343,
            "iou": 0.24779775959098332,
            "n": 20
          },
          "Tumor": {
            "dice": 0.3461645176266765,
            "iou": 0.24792669089698097,
            "n": 20
          }
        }
      },
      "t2": {
        "text_prompts": {
          "Brain Tumor": {
            "dice": 0.27314146531137057,
            "iou": 0.2102561221864069,
            "n": 19
          },
          "Glioma": {
            "dice": 0.4445687934360428,
            "iou": 0.34657278974152483,
            "n": 19
          },
          "Enhancing Tumor": {
            "dice": 0.4129995810038377,
            "iou": 0.2983445199097589,
            "n": 19
          },
          "Tumor": {
            "dice": 0.4166701099961568,
            "iou": 0.31369119154769787,
            "n": 19
          }
        }
      },
      "flair": {
        "text_prompts": {
          "Brain Tumor": {
            "dice": 0.45853267576980716,
            "iou": 0.38189220521492656,
            "n": 20
          },
          "Glioma": {
            "dice": 0.5015347239809791,
            "iou": 0.394689230290671,
            "n": 20
          },
          "Enhancing Tumor": {
            "dice": 0.5215553469696375,
            "iou": 0.4118180674751786,
            "n": 20
          },
          "Tumor": {
            "dice": 0.5327028610984638,
            "iou": 0.43180700877391,
            "n": 20
          }
        }
      }
    }
  },
  "by_label": {
    "NCR": {
      "t1": {
        "text_prompts": {
          "Brain Tumor": {
            "dice": 0.22722744753894447,
            "iou": 0.15492419787893838,
            "n": 15
          },
          "Glioma": {
            "dice": 0.1780160662484502,
            "iou": 0.12306593795215903,
            "n": 15
          },
          "Enhancing Tumor": {
            "dice": 0.4073010816148281,
            "iou": 0.2847614245773439,
            "n": 15
          },
          "Tumor": {
            "dice": 0.2737601545634954,
            "iou": 0.1906990527849071,
            "n": 15
          },
          "Non-Enhancing Tumor Core": {
            "dice": 0.2576873609013114,
            "iou": 0.18931635523243787,
            "n": 15
          },
          "Necrotic Core": {
            "dice": 0.09147588986616231,
            "iou": 0.06203168936199694,
            "n": 15
          },
          "Tumor Core": {
            "dice": 0.22331666756884946,
            "iou": 0.15359672911263347,
            "n": 15
          }
        }
      },
      "t1ce": {
        "text_prompts": {
          "Brain Tumor": {
            "dice": 0.29577663390590275,
            "iou": 0.23111688923521742,
            "n": 15
          },
          "Glioma": {
            "dice": 0.4060393266844324,
            "iou": 0.31800317459520744,
            "n": 15
          },
          "Enhancing Tumor": {
            "dice": 0.2906768006575128,
            "iou": 0.19467738942133667,
            "n": 15
          },
          "Tumor": {
            "dice": 0.3731959954818257,
            "iou": 0.2919621011933956,
            "n": 15
          },
          "Non-Enhancing Tumor Core": {
            "dice": 0.41333363197396733,
            "iou": 0.32375559539913085,
            "n": 15
          },
          "Necrotic Core": {
            "dice": 0.344360877997905,
            "iou": 0.27698053452272065,
            "n": 15
          },
          "Tumor Core": {
            "dice": 0.3713104313942294,
            "iou": 0.29263871200750347,
            "n": 15
          }
        }
      },
      "t2": {
        "text_prompts": {
          "Brain Tumor": {
            "dice": 0.21369975035768532,
            "iou": 0.1411627412059707,
            "n": 14
          },
          "Glioma": {
            "dice": 0.24170672951184632,
            "iou": 0.16043126576227865,
            "n": 14
          },
          "Enhancing Tumor": {
            "dice": 0.25296565616590744,
            "iou": 0.15950900247211589,
            "n": 14
          },
          "Tumor": {
            "dice": 0.23961163417042303,
            "iou": 0.15911571139943279,
            "n": 14
          },
          "Non-Enhancing Tumor Core": {
            "dice": 0.2787797367179044,
            "iou": 0.18749367045812132,
            "n": 14
          },
          "Necrotic Core": {
            "dice": 0.23096401861728746,
            "iou": 0.16012292843587161,
            "n": 14
          },
          "Tumor Core": {
            "dice": 0.22308400332606126,
            "iou": 0.14860350287146598,
            "n": 14
          }
        }
      },
      "flair": {
        "text_prompts": {
          "Brain Tumor": {
            "dice": 0.2144615663747028,
            "iou": 0.13821795448082036,
            "n": 15
          },
          "Glioma": {
            "dice": 0.3417906995846291,
            "iou": 0.24177614707469394,
            "n": 15
          },
          "Enhancing Tumor": {
            "dice": 0.36292933770917746,
            "iou": 0.2509345505827845,
            "n": 15
          },
          "Tumor": {
            "dice": 0.33744403028196474,
            "iou": 0.23658732163625493,
            "n": 15
          },
          "Non-Enhancing Tumor Core": {
            "dice": 0.3597034911437221,
            "iou": 0.26092549858754116,
            "n": 15
          },
          "Necrotic Core": {
            "dice": 0.26270750596245046,
            "iou": 0.1890634161290058,
            "n": 15
          },
          "Tumor Core": {
            "dice": 0.33785725150511886,
            "iou": 0.23801217599262367,
            "n": 15
          }
        }
      }
    },
    "ED": {
      "t1": {
        "text_prompts": {
          "Brain Tumor": {
            "dice": 0.17659141246117693,
            "iou": 0.12755327271032046,
            "n": 20
          },
          "Glioma": {
            "dice": 0.16529306407641542,
            "iou": 0.11722089829247592,
            "n": 20
          },
          "Enhancing Tumor": {
            "dice": 0.14651638922905058,
            "iou": 0.09073424594096804,
            "n": 20
          },
          "Tumor": {
            "dice": 0.25483876486787843,
            "iou": 0.18669614176450242,
            "n": 20
          },
          "Peritumoral Edema": {
            "dice": 0.31646294732052455,
            "iou": 0.23150397160665026,
            "n": 20
          },
          "Edema": {
            "dice": 0.37663238779747166,
            "iou": 0.2726251127255822,
            "n": 20
          },
          "Brain Edema": {
            "dice": 0.3456315654728574,
            "iou": 0.2513412530533759,