{
  "model_name": "sam3",
  "dataset": "BraTS2018",
  "timestamp": "2026-01-14T23:35:27.446329",
  "n_cases": 20,
  "contrasts": [
    "t1",
    "t1ce",
    "t2",
    "flair"
  ],
  "text_prompts": [
    "Brain Tumor",
    "Glioma",
    "Enhancing Tumor",
    "Tumor"
  ],
  "by_contrast": {
    "combined": {
      "t1": {
        "text_prompts": {
          "Brain Tumor": {
            "dice": 0.0,
            "iou": 0.0,
            "n": 20
          },
          "Glioma": {
            "dice": 0.0,
            "iou": 0.0,
            "n": 20
          },
          "Enhancing Tumor": {
            "dice": 0.36594554596155227,
            "iou": 0.24976015491873382,
            "n": 20
          },
          "Tumor": {
            "dice": 0.2101536288016153,
            "iou": 0.12849648861636456,
            "n": 20
          }
        }
      },
      "t1ce": {
        "text_prompts": {
          "Brain Tumor": {
            "dice": 0.0,
            "iou": 0.0,
            "n": 20
          },
          "Glioma": {
            "dice": 0.0,
            "iou": 0.0,
            "n": 20
          },
          "Enhancing Tumor": {
            "dice": 0.33365478786700886,
            "iou": 0.22326581845426272,
            "n": 20
          },
          "Tumor": {
            "dice": 0.14786368081483178,
            "iou": 0.09203568441726272,
            "n": 20
          }
        }
      },
      "t2": {
        "text_prompts": {
          "Brain Tumor": {
            "dice": 0.0,
            "iou": 0.0,
            "n": 19
          },
          "Glioma": {
            "dice": 0.0,
            "iou": 0.0,
            "n": 19
          },
          "Enhancing Tumor": {
            "dice": 0.3440008582873617,
            "iou": 0.2401842863334519,
            "n": 19
          },
          "Tumor": {
            "dice": 0.20033276755540608,
            "iou": 0.13254413062119938,
            "n": 19
          }
        }
      },
      "flair": {
        "text_prompts": {
          "Brain Tumor": {
            "dice": 0.0,
            "iou": 0.0,
            "n": 20
          },
          "Glioma": {
            "dice": 0.0,
            "iou": 0.0,
            "n": 20
          },
          "Enhancing Tumor": {
            "dice": 0.2659735385055243,
            "iou": 0.17368352883213556,
            "n": 20
          },
          "Tumor": {
            "dice": 0.2080922493511963,
            "iou": 0.132996146276334,
            "n": 20
          }
        }
      }
    }
  },
  "by_label": {
    "NCR": {
      "t1": {
        "text_prompts": {
          "Brain Tumor": {
            "dice": 0.0,
            "iou": 0.0,
            "n": 15
          },
          "Glioma": {
            "dice": 0.0,
            "iou": 0.0,
            "n": 15
          },
          "Enhancing Tumor": {
            "dice": 0.22301657740297237,
            "iou": 0.13433925393120283,
            "n": 15
          },
          "Tumor": {
            "dice": 0.46213666269207626,
            "iou": 0.3438551640985383,
            "n": 15
          },
          "Non-Enhancing Tumor Core": {
            "dice": 0.49747987715007447,
            "iou": 0.3807544405523628,
            "n": 15
          },
          "Necrotic Core": {
            "dice": 0.25242368229250606,
            "iou": 0.18506587364353988,
            "n": 15
          },
          "Tumor Core": {
            "dice": 0.2732097782599971,
            "iou": 0.21001192167788119,
            "n": 15
          }
        }
      },
      "t1ce": {
        "text_prompts": {
          "Brain Tumor": {
            "dice": 0.0,
            "iou": 0.0,
            "n": 15
          },
          "Glioma": {
            "dice": 0.0,
            "iou": 0.0,
            "n": 15
          },
          "Enhancing Tumor": {
            "dice": 0.15218756721331017,
            "iou": 0.09461004926229818,
            "n": 15
          },
          "Tumor": {
            "dice": 0.5318582542609444,
            "iou": 0.4305716150848812,
            "n": 15
          },
          "Non-Enhancing Tumor Core": {
            "dice": 0.5562185043313835,
            "iou": 0.45921622404348,
            "n": 15
          },
          "Necrotic Core": {
            "dice": 0.2793373993239217,
            "iou": 0.22834560836660153,
            "n": 15
          },
          "Tumor Core": {
            "dice": 0.22377381380956143,
            "iou": 0.19590301256599665,
            "n": 15
          }
        }
      },
      "t2": {
        "text_prompts": {
          "Brain Tumor": {
            "dice": 0.0,
            "iou": 0.0,
            "n": 14
          },
          "Glioma": {
            "dice": 0.0,
            "iou": 0.0,
            "n": 14
          },
          "Enhancing Tumor": {
            "dice": 0.17492291002283936,
            "iou": 0.10976546928302418,
            "n": 14
          },
          "Tumor": {
            "dice": 0.37042772355644077,
            "iou": 0.28154342712156377,
            "n": 14
          },
          "Non-Enhancing Tumor Core": {
            "dice": 0.3942516062476188,
            "iou": 0.3030285224864176,
            "n": 14
          },
          "Necrotic Core": {
            "dice": 0.23235252324669234,
            "iou": 0.17834615851662222,
            "n": 14
          },
          "Tumor Core": {
            "dice": 0.15832512819368327,
            "iou": 0.12178614629321546,
            "n": 14
          }
        }
      },
      "flair": {
        "text_prompts": {
          "Brain Tumor": {
            "dice": 0.0,
            "iou": 0.0,
            "n": 15
          },
          "Glioma": {
            "dice": 0.0,
            "iou": 0.0,
            "n": 15
          },
          "Enhancing Tumor": {
            "dice": 0.1768814880060028,
            "iou": 0.10641383391271586,
            "n": 15
          },
          "Tumor": {
            "dice": 0.3963891398283944,
            "iou": 0.2985320705620298,
            "n": 15
          },
          "Non-Enhancing Tumor Core": {
            "dice": 0.40829292374019166,
            "iou": 0.30307910817925593,
            "n": 15
          },
          "Necrotic Core": {
            "dice": 0.13183293025183856,
            "iou": 0.10239576209425844,
            "n": 15
          },
          "Tumor Core": {
            "dice": 0.25390298395767785,
            "iou": 0.19842292242985973,
            "n": 15
          }
        }
      }
    },
    "ED": {
      "t1": {
        "text_prompts": {
          "Brain Tumor": {
            "dice": 0.0,
            "iou": 0.0,
            "n": 20
          },
          "Glioma": {
            "dice": 0.0,
            "iou": 0.0,
            "n": 20
          },
          "Enhancing Tumor": {
            "dice": 0.1266912662604251,
            "iou": 0.07336726803752054,
            "n": 20
          },
          "Tumor": {
            "dice": 0.022709633171855037,
            "iou": 0.013456449419617895,
            "n": 20
          },
          "Peritumoral Edema": {
            "dice": 0.5810662325202423,
            "iou": 0.439643983468058,
            "n": 20
          },
          "Edema": {
            "dice": 0.5819804735004793,
            "iou": 0.4403754810703167,
            "n": 20
          },
          "Brain Edema": {
            "dice": 0.5809999796265528,
            "iou": 0.4395621626202587,
            "n": 20
          }
        }
      },
      "t1ce": {
        "text_prompts": {
          "Brain Tumor": {
            "dice": 0.0,
            "iou": 0.0,
            "n": 20
          },
          "Glioma": {
            "dice": 0.0,
            "iou": 0.0,
            "n": 20
          },
          "Enhancing Tumor": {
            "dice": 0.0324981889225182,
            "iou": 0.01703768070620962,
            "n": 20
          },
          "Tumor": {
            "dice": 0.0030202964342079044,
            "iou": 0.0015552752743612278,